username,postid,time,subreddit,score,gold,text,plistscore
"loki8481","d8i10w9","2016-10-07 20:14:44","politics","1","0","Trump is relying on the RNC to do all the groundwork for him but I believe RNC and DNC spending has been roughly equal.","0.041666666666666664"
"loki8481","d8hzuec","2016-10-07 19:50:04","politics","1","0","Trump is the best at debate prep believe me.
"
"loki8481","d8hx0wr","2016-10-07 18:48:54","politics","1","0","the Trump campaign has explicitly said don't judge Trump's personality for what he says in public judge him for how great his kids turned out so yeah... it seems like it matters.","0.0625"
"loki8481","d8hwcwq","2016-10-07 18:33:35","politics","1","0","sometimes I wonder if Clinton isn't playing 3 dimensional chess herself and having her own team plant ridiculous conspiracy theory stories in the news so that when legitimate stories come out they can just dismiss them as the alt-right crying wolf again.","0.023809523809523808"
"loki8481","d8hveo8","2016-10-07 18:10:50","politics","1","0","he gave them prime-time speaking slots every night of the convention frequently appear as surrogates in the media and on the campaign trail and Trump says that he often looks to them for advice... so yeah probably.","0.05405405405405406"
"loki8481","d8huvsk","2016-10-07 17:57:41","politics","1","0","I'm convinced the whole thing is going to be revealed as some kind of viral marketing campaign","0.058823529411764705"
"HappyBroody","d8hwkka","2016-10-07 18:38:28","politics","1","0","Wrong there is a difference. What you are saying are assumptions accusations rumors conspiracy theories not facts.  However What I am saying Breitbart's CEO works for Trump is 100% proven fact. can you not see this? ","0.027777777777777776"
"HappyBroody","d8hvzqg","2016-10-07 18:24:56","politics","1","0","> I know the Clinton/Kaine campaign is powered by insults
"
"HappyBroody","d8hvoc5","2016-10-07 18:17:25","politics","1","0","Can we ban Breitbart articles? his CEO is LITERALLY Trump's campaign manager. Talk about bias journalism...","0.0625"
"HappyBroody","d8gxqez","2016-10-07 00:22:56","politics","52","0","Come on you expect Trump supporters to read? ","0.125"
"HappyBroody","d8gv93r","2016-10-06 23:32:16","politics","3","0","Ted Cruz What a coward! spineless man! After Trump pretty much insulted your entire family there you are phonebanking for him! SAD! PATHETIC!
"
"_PresidentTrump","d8hywdk","2016-10-07 19:30:13","politics","1","0","100%. People seem to forget before the election that saying you were a Republican would tax you an average of 20 downvotes. I mean sure when Bernie was in and it was the beginning of Trump it was okay to be an out of the closet Republican but inevitably it is still a Democrat cesspool.","0.01818181818181818"
"_PresidentTrump","d8hvwk3","2016-10-07 18:22:50","politics","1","0","How about Correcttherecord.com Shareblue.com Donaldjtrump.com hillaryclinton.com ? I can see that Breitbart is different since it was a media organization first but the other sites were made specifically for the campaigns","0.06451612903225806"
"_PresidentTrump","d8hve6v","2016-10-07 18:10:31","politics","1","0","Mods I think its time that you take some measures to counter the CTR crowd. They constantly insult/mock you for having a different opinion and all up vote each other. I report them sometimes and check back later see their childish comments have 15+ upvotes while mine are buried and are still not removed. The fact their comment sits there so long gets others to just brigade comments they don't like further down and continue to insult the OP of the comment further down the thread. I think its time you don't just remove the one uncivil comment but remove the further ones in the thread that are usually much harsher. I also think if there is a user constantly making uncivil comments they should be banned. I've seen the same users saying stuff like 'go back to your safe space' name calling etc. 20 times and yet they are still freely allowed to post and insult on this sub. I know the Clinton/Kaine campaign is powered by insults but I don't think its appropriate and definitely doesn't lead to any productive conversation.","0.00546448087431694"
"_PresidentTrump","d8hut4r","2016-10-07 17:55:48","politics","1","0","I wish Trump would propose a plan to ban pitbulls to trigger the Humane Society a little bit. ","0.05555555555555555"
"_PresidentTrump","d8hjdvy","2016-10-07 09:25:41","politics","-12","0","It still works if you're a Clinton supporter","0.125"
"_PresidentTrump","d8hiqpz","2016-10-07 09:01:35","politics","-8","0","As he should. He allows his party to deflect their own corruption by blaming Russia for everything. China is 2 maybe 3 times more of a threat than Russia yet Democrats can not stop red scaring. ","0.027777777777777776"
"_PresidentTrump","d8hif9c","2016-10-07 08:50:21","politics","-18","0","[Remember when Democrats called John McCain disgraceful for his veteran record?](http://www.politico.com/story/2008/06/some-on-left-target-mccains-war-record-011429)","0.09090909090909091"
"StarDestinyGuy","d8hz5xj","2016-10-07 19:35:52","politics","1","0","Again I'm not sure what this comment aims to prove.  It certainly doesn't disprove my claim that Hillary is incredibly divisive. ","0.047619047619047616"
"StarDestinyGuy","d8hwimi","2016-10-07 18:37:16","The_Donald","10","0","Here's what Trump should do in this event:
"
"StarDestinyGuy","d8hvy0r","2016-10-07 18:23:50","politics","1","0","I'm not sure what you're trying to say with this comment.  You're certainly not disproving my claim that Hillary is incredibly divisive. ","0.045454545454545456"
"StarDestinyGuy","d8hvwdv","2016-10-07 18:22:43","politics","1","0","Are there really moderators of this subreddit who are pro-Trump?  If so how do they feel about the current state of this sub?  Primarily referring to how anything pro-Trump is immediately downvoted into oblivion while anything pro-Hillary or anti-Trump is showered with upvotes.
"
"StarDestinyGuy","d8hvfgh","2016-10-07 18:11:22","politics","1","0",">Still Trump offered some insight into the performance he may deliver on Sunday -- one peppered with jokes and his knack for storytelling time permitting.
"
"StarDestinyGuy","d8hv0v7","2016-10-07 18:01:17","politics","1","0","[Here's a funny webcomic with Obama Hillary and Trump represented by video games](http://redpanels.com/comics/presidents-as-video-games-comic.png)","0.07692307692307693"
"StarDestinyGuy","d8h665f","2016-10-07 03:39:19","politics","-12","0","Why are posts about Democrats / Hillary supporters being assaulted upvoted here but posts about Conservatives / Trump supporters being assaulted are downvoted here?","0.16666666666666666"
"UvonTheDeplorable","d8hvcpc","2016-10-07 18:09:30","politics","1","0","And the polls only data always showed him ahead. Nate Silver just kept editorializing that he assumed one day the Trump bubble would burst and Republican voters would wake up. Several other pundits thought the same Michael Smerconish among them. They didn't skew polls they didn't manipulate algorithms they just gave the Republican base more intellectual credit than was due.","0.016666666666666666"
"UvonTheDeplorable","d8hubaf","2016-10-07 17:42:51","politics","1","0","Oh man the chance to hang up on a Trump caller **and** Ted Cruz at the same time?! I wish I was that lucky.","0.041666666666666664"
"UvonTheDeplorable","d8hs457","2016-10-07 16:37:36","politics","1","0","Great news but keep voting until Trump loses by 50!","0.1"
"UvonTheDeplorable","d8hi3xf","2016-10-07 08:39:49","politics","6","0","Mark Kirk is a military record embellisher. You'd think he and Trump would get in famously.","0.0625"
"UvonTheDeplorable","d8hi15o","2016-10-07 08:37:09","politics","3","0","Is Trump going to hold a rally in Fort Wayne IN? Facebook tells me they shoots clowns in the face there.","0.047619047619047616"
"UvonTheDeplorable","d8h4jft","2016-10-07 02:58:56","politics","45","0","And she's likely incredibly embarrassed of her father perhaps feels he's being abused by the Trump camp.","0.058823529411764705"
"OhGodDammitPope","d8gtip7","2016-10-06 22:57:04","politics","7","0","He'll do what he did in Louisiana - show up hand out water bottles and say he'll make America great again. His supporters will claim that regardless of legislation proposed or policies that would affect disaster relief Trump cares more because he handed little old ladies bottles of water. It's all show.","0.019230769230769232"
"OhGodDammitPope","d84b36r","2016-09-27 20:56:39","politics","3","0","It was the Mayweather v Pacquiao fight. Trump was Pacquiao swinging for the fences and never connected. Hillary was Mayweather kept her distance and landed sharp jabs and one or two swift uppercuts. The judges who understand the sport unanimously agree she won but a huge segment of the population thinks he won because he looked more like a boxer and she didn't lay him out.
"
"BannedLOLno","d8hjbdv","2016-10-07 09:23:01","politics","33","0",">Trump has also become one of the most influential political leaders in the United States. In 2011 after failed attempts by Senators John McCain and Hillary Clinton Mr. Trump singlehandedly forced President Obama to release his birth certificate.
"
"limited8","d8h5ofv","2016-10-07 03:27:08","politics","2","0","Would a liberal or a conservative Supreme Court be better for progressive causes?","0.15384615384615385"
"limited8","d8h5drq","2016-10-07 03:19:52","politics","1","0","You could or you could not given that it's already been [posted and discussed multiple times](https://www.reddit.com/r/politics/search?q=hurricane+&sort=relevance&restrict_sr=on&t=week) and the issue (if you can even call it that) has been resolved by the Clinton camp not buying the ads. ","0.02702702702702703"
"limited8","d8gxbok","2016-10-07 00:14:28","politics","43","0","...so you're arguing that there should never be political ads on channels that cover the weather? Or are you saying Clinton had advance knowledge that a hurricane was going to hit the United States?","0.029411764705882353"
"limited8","d8gx3k4","2016-10-07 00:09:55","politics","9","0","> Hillary Clinton wants to make one thing very very clear: Tim Kaine was GREAT in Tuesday's vice-presidential debate. So good.  The best. He might have in fact added his name to the list of the world's greatest debaters — right there alongside Abraham Lincoln Socrates and Winston Churchill. This is what's commonly known as overcompensating. 
"
"limited8","d8gx2m1","2016-10-07 00:09:25","politics","8","0","There's still going to be ads they just won't be Clinton ads. ","0.08333333333333333"
"limited8","d8gwelw","2016-10-06 23:55:43","politics","6","0","Does Trump know that?","0.25"
"HumptyMcDumpty","d8h6y9h","2016-10-07 03:58:51","politics","199","0","Gallup reported in August that Trump supporters are likely to live in primarily white neighborhoods and communities and have little actual exposure to other races and cultures.
"
"HumptyMcDumpty","d8h6b6i","2016-10-07 03:42:52","EnoughTrumpSpam","6","0","This schism over Trump between evangelical modernists and gospel fundamentalists has been apparent for a while. I'm glad to see someone finally bringing it out in public.","0.037037037037037035"
"HumptyMcDumpty","d8h3vhv","2016-10-07 02:42:34","EnoughTrumpSpam","98","0","Good question. How many of the actual participants are Americans how many are old enough to vote and how many will bother to get out and vote? And even among those I suspect there are some non Trump supporters who are using the group to brush up on irony trolling.","0.02"
"HumptyMcDumpty","d8h2668","2016-10-07 01:55:10","politics","4","0","Clinton is pulling ahead as we go into  The Hurricane news Cycle. It will be interesting to see if the momentum continues after everyone has had a chance to forget that Trump is a disaster in his on right.","0.05128205128205128"
"HumptyMcDumpty","d8guz02","2016-10-06 23:26:31","EnoughTrumpSpam","5","0","When the lawyers are forced to lay it out for a judge it is not just hearsay or claims made by Hillary shills. THIS IS WHO THE MAN IS FOR GOD'S SAKE.","0.03125"
"HumptyMcDumpty","d8grons","2016-10-06 22:20:13","EnoughTrumpSpam","4","0","Hickey has to know that she is out on a limb. If her statement is false other Republicans looking those polls will call her out. But the 538 projections in formerly red states seem to support her statement.","0.02631578947368421"
"007meow","d8heplh","2016-10-07 07:05:12","politics","5","0","But... he *was* debate prepping today. 
"
"Mister_Jay_Peg","d8hm8jh","2016-10-07 11:30:52","politics","1","0","All good. :) But yeah his Twitter is just a burgeoning field of hypocrisy towards the campaign he's been running.","0.05"
"ssldvr","d8h8rnv","2016-10-07 04:42:41","PoliticalDiscussion","1","0","Is he that thin skinned that he can't even do serious debate prep?  This is just pathetic.  What a joke.  Hillary is going to mop the floor with him - again.","0.06451612903225806"
"ssldvr","d8h7g24","2016-10-07 04:10:36","PoliticalDiscussion","1","0","Yeah that ain't debate prep.  Holy hell Sunday is gonna be another bloodbath.  
"
"ssldvr","d8h73p9","2016-10-07 04:02:25","politics","2","0",">And voters are more likely to report in-person contact on behalf of Clinton than on behalf of Trump. Among the small share (just 3%) of voters who have been visited on behalf of a candidate 62% say they have received a visit from just the Clinton campaign or her supporters compared with 14% from just the Trump campaign or groups supporting him; 13% say they were visited on behalf of both candidates. And those who received phone calls from a live person were also more likely to have spoken with someone supporting Clinton.","0.053763440860215055"
"ssldvr","d8h4q55","2016-10-07 03:03:32","politics","3","0","Other aides tell ABC News that the format will allow Trump to visually focus on the audience **rather than home in on Clinton and constantly feel the need to have the last word.**
"
"ssldvr","d8gup3e","2016-10-06 23:20:58","PoliticalDiscussion","1","0","I really hope this debate is focused on **policy** and not the scandals.  They already covered enough of that stuff in the first debate anyway.","0.08"
"ssldvr","d8guo84","2016-10-06 23:20:27","PoliticalDiscussion","1","0","Most people probably won't have any idea what this is about.  This was an item from the primaries that only bothered Sanders supporters.  Most people weren't even paying attention then and it hasn't been brought up in months.  It also has nothing to do with Trump unless we're going to ask him why he charges $1.5M for his speeches.  This is not going to happen in other words.","0.014705882352941176"
"ssldvr","d8gmq26","2016-10-06 20:40:01","politics","5","0","[This article actually makes me think there are more shy Hillary supporters.](http://www.politico.com/magazine/story/2016/10/gop-women-donald-trump-2016-214318) A couple of key quotes:
"
"ssldvr","d8gmf7f","2016-10-06 20:33:58","politics","11","0",">Trump lost 4-points of support with members of the GOP while Clinton saw gains of 8-points with independents and 7-points with democrats.
"
"ssldvr","d8fukdk","2016-10-06 05:13:12","politics","8","0",">The once-respected Rudolph Giuliani now Trump’s chief toady and bootlicker and Chris Christie still the billionaire’s most shameless sycophant have each declared that the tax returns prove Trump to be a “genius” when it comes to finance.
"
"ItsJustAJokeLol","d8hygbd","2016-10-07 19:20:46","politics","1","0","See I actually base my assumptions on her record as a senator in which she fought for the middle class and never once went back on a campaign promise although some of her efforts were blocked by republicans. I think deciding you feeeeeel she won't do what she says is an unsupported cop out.","0.018518518518518517"
"ItsJustAJokeLol","d8hxxgb","2016-10-07 19:09:23","politics","1","0","Trump already secured up the Nazi vote anyway.","0.125"
"ItsJustAJokeLol","d8hwr2e","2016-10-07 18:42:36","politics","1","0","Just wait til every member of The_Donald is stalking and spreading conspiracy theories about every single person offering a question at the upcoming town hall. I really fear for those people's privacy and safety we know how deranged Trump supporters can behave. Just yesterday they threatened to firebomb a civil rights museum for not letting Trump shut it down to stage an event.","0.031746031746031744"
"ItsJustAJokeLol","d8hwpxu","2016-10-07 18:41:54","politics","1","0","Just wait til every member of The_Donald is stalking and spreading conspiracy theories about every single person offering a question at the upcoming town hall. I really fear for those people's privacy and safety we know how deranged Trump supporters can behave. Just yesterday they threatened to firebomb a civil rights museum for not letting Trump shut it down to stage an event.","0.031746031746031744"
"ItsJustAJokeLol","d8hrxem","2016-10-07 16:31:12","politics","1","0","Stein is lying about climate change and secretly hates the environment. That's why she's tried to prevent democrats from accomplishing anything on it and has never accomplished anything herself.
"
"ItsJustAJokeLol","d8hra42","2016-10-07 16:07:18","politics","1","0","There used to be a time when a white man could demand a black man's papers without being called racist but now that blacks have all these rights and expectations they'll be treated equally it's basically the liberals committing genocide on whites. That's why I'm a Trump supporter. He'll maga us back to a time before traitors like Lincoln and Johnson started destroying white America.","0.03076923076923077"
"ItsJustAJokeLol","d8hqv7u","2016-10-07 15:50:31","politics","1","0","That's why I want to ban Trump supporters from the US. ","0.09090909090909091"
"ItsJustAJokeLol","d8hjw2u","2016-10-07 09:44:30","politics","3","0","Reagan sure did though. Donald Trump just bragged about making [A lot of money](http://www.huffingtonpost.ca/2016/06/06/trump-says-he-made-a-lot-of-money-in-deal-with-gadhafi_n_10317504.html) by doing business with his close personal friend the civilian murdering and airliner bombing Gadaffi.","0.06896551724137931"
"ItsJustAJokeLol","d8hjje6","2016-10-07 09:31:32","politics","3","0","Luckily I'm a random person on the internet and not running for president. I do find that some people hold random internet commenters to a higher standard than presidential candidate Donald Trump is held to by his own supporters.","0.05128205128205128"
"drordinaire","d8hlggd","2016-10-07 10:52:20","politics","3","0","I swear to god he's doing it on purpose. He flipped on immigration the day Ann Coulter's book came out. The same book where she said Trump would be fine as long as he didn't flip on immigration. ","0.02631578947368421"
"drordinaire","d8hh4ct","2016-10-07 08:09:01","politics","243","0",">The system is designed for speed and decisiveness. It’s not designed to debate the decision.
"
"drordinaire","d8he0dz","2016-10-07 06:47:01","politics","1","0","They already are mad at them. Trump didn't invent this he gave these people a vehicle for their anger and discontent. 
"
"drordinaire","d8ha96j","2016-10-07 05:15:40","politics","4","0","Is Donald Trump winning on policy alone? ","0.2857142857142857"
"drordinaire","d8ez246","2016-10-05 17:40:56","politics","2","0","Is Donald Trump familiar with Donald Trump's position on Syria? ","0.3"
"drordinaire","d8enjhz","2016-10-05 09:00:45","politics","14","0","Yeah not like the good old conservative days when r/politics was worshiping Bernie. ","0.07692307692307693"
"drordinaire","d8enb64","2016-10-05 08:52:59","politics","7","0","I honestly can't tell if you're being sarcastic if you actually believe that or are being paid to parrot the same talking points the Trump campaign. 
"
"drordinaire","d8ekle9","2016-10-05 07:36:35","politics","5","0","Clinton has plenty of policy and spends most of her time selling herself as a candidate. 
"
"Trumpbart","d8hi4rd","2016-10-07 08:40:35","politics","11","0","What's sad is that 80-90% of the public thought we should invade. I bet /u/the_friendly_dildo is either someone too young to remember and know that or a deplorable who was for it then but has a had a coming to ~~Jesus~~ Trump moment to set him straight.","0.02127659574468085"
"Trumpbart","d8hhleo","2016-10-07 08:23:24","politics","15","0","Trump should say this in Flint Michigan. For the lolz.","0.1"
"Trumpbart","d8hfn66","2016-10-07 07:29:21","politics","0","0","Here's the link to vote on this debate question.
"
"Trumpbart","d8hffx1","2016-10-07 07:24:27","politics","43","0",">“This isn’t practice. This has nothing to do with Sunday” Trump said. Without any substantiation he said that what Clinton does is “not debate prep — she’s resting.”
"
"tomdarch","d8hlkye","2016-10-07 10:58:13","politics","1","0","Let Trump be Trump!  Particularly in public!","0.14285714285714285"
"tomdarch","d8hlkie","2016-10-07 10:57:38","politics","2","0","Worse - a potentially quiet crowd.  Trump appears to need crowd interaction and a big part of his floundering in the first debate was that he couldn't get the crowd worked up.","0.0625"
"tomdarch","d8hljy1","2016-10-07 10:56:52","politics","2","0","That's the main killer for Trump.  I think his complaints about the mic in the first one was that he thought the crowd couldn't hear him and that's why they weren't cheering him and getting that speaker/crowd dynamic that he thrives off of.  If the audience here is quiet he'll flounder again regardless of wether Clinton is able to play him.","0.01639344262295082"
"tomdarch","d8hl0r5","2016-10-07 10:32:22","politics","2","0","If Clinton really was sending light blue shirted lesbian enforcer squads to newspaper offices and trashing them kidnapping editors and torturing them until they agree to endorse her and *that* is why they're all avoiding Trump then you'd be onto something.
"
"tomdarch","d8hkr7o","2016-10-07 10:20:47","politics","2","0","Getting yourself elected in South Carolina means that [failed Austrian painter who shall not be named] wouldn't be as right-wing as he'd need to play to win over that base.","0.03333333333333333"
"tomdarch","d8hjyiw","2016-10-07 09:47:08","politics","3","0","Trump literally said No one respects women more than I do.
"
"tomdarch","d8hjwsm","2016-10-07 09:45:16","politics","3","0","In coverage of the VP debate there was a clear statement This will only be important for about one news cycle (aka one day) and then it will be forgotten and we'll be back to Trump and Clinton.
"
"tomdarch","d8hjm1b","2016-10-07 09:34:03","politics","5","0","Pointing out how Trump insults people is running an insult driven campaign apparently.
"
"tomdarch","d8hjcdm","2016-10-07 09:24:04","politics","1","0","Trump is going to get roughly 42% of the popular vote.
"
